{"cameraMode":{"drawMode":0,"name":"Shaded","section":"Shading Mode"},"sceneLighting":true,"audioPlay":false,"sceneViewState":{"showFog":false,"showMaterialUpdate":false,"showSkybox":false,"showFlares":false,"showImageEffects":false,"showParticleSystems":false,"showVisualEffectGraphs":true,"m_FxEnabled":true},"in2DMode":false,"pivot":{"x":-1.78696870803833,"y":0.9896600246429443,"z":-0.09036874771118164},"rotation":{"x":-0.0007034863228909671,"y":0.9652723670005798,"z":-0.2612425982952118,"w":-0.0026054815389215948},"size":3.524961471557617,"orthographic":false}