{"cameraMode":{"drawMode":0,"name":"Shaded","section":"Shading Mode"},"sceneLighting":false,"audioPlay":false,"sceneViewState":{"showFog":false,"showMaterialUpdate":false,"showSkybox":false,"showFlares":false,"showImageEffects":false,"showParticleSystems":false,"showVisualEffectGraphs":true,"m_FxEnabled":true},"in2DMode":false,"pivot":{"x":-0.18442082405090333,"y":1.168799877166748,"z":-0.38761210441589358},"rotation":{"x":-0.017496667802333833,"y":0.9590759873390198,"z":-0.06080016866326332,"w":-0.27599334716796877},"size":2.669379234313965,"orthographic":false}