acousticness,danceability,energy,instrumentalness,key,liveness,loudness,mode,speechiness,tempo,time_signature,valence,duration_ms,popularity
0.3773,0.5732999999999999,0.395,1.485e-05,6,0.0187,-10.143,0,0.347,0.312296,4,0.565,174013,36
0.2387,0.5438999999999999,0.356,0.0,7,0.056999999999999995,-12.817,1,0.37,0.373404,4,0.59,86440,7
0.43329999999999996,0.4718,0.39,5.9e-06,8,0.032,-9.967,1,0.337,0.32580000000000003,4,0.648,228027,52
