acousticness,danceability,energy,instrumentalness,key,liveness,loudness,mode,speechiness,tempo,time_signature,valence,duration_ms,popularity
0.03773,0.3892,0.822,0.428,9,0.0354,-5.747,1,0.182,0.5589,4,0.808,222021,41
0.0007349999999999999,0.4739,0.934,0.4335,7,0.00854,-6.244,0,0.0402,0.512008,4,0.866,214049,48
0.03934,0.5495,0.929,0.459,8,0.0212,-7.26,1,0.0404,0.5598479999999999,4,0.888,292336,42
0.008749999999999999,0.42979999999999996,0.98,0.4795,0,0.0674,-6.41,1,0.0573,0.620092,4,0.963,109331,31
0.060059999999999995,0.41439999999999994,0.747,0.4545,1,0.016300000000000002,-9.978,1,0.059,0.719844,4,0.851,237013,32
0.01092,0.5054,0.94,0.4365,11,0.0818,-9.575,0,0.0523,0.5241520000000001,4,0.926,223891,22
5.103e-05,0.3738,0.999,0.47,9,0.05500000000000001,-5.852,1,0.0471,0.547664,4,0.905,185693,31
