acousticness,danceability,energy,instrumentalness,key,liveness,loudness,mode,speechiness,tempo,time_signature,valence,duration_ms,popularity
0.0931,0.44589999999999996,0.594,0.388,7,0.043000000000000003,-8.777,1,0.0334,0.64016,4,0.304,519563,21
0.05677,0.43189999999999995,0.485,0.348,7,0.0288,-10.646,1,0.0806,0.72004,4,0.402,196453,2
1.736e-05,0.315,0.451,0.464,7,0.0742,-10.867,1,0.0319,0.60824,4,0.395,189201,15
0.011829999999999999,0.5166,0.338,0.4095,5,0.0534,-11.586,0,0.0854,0.6802720000000001,4,0.512,307093,3
