acousticness,danceability,energy,instrumentalness,key,liveness,loudness,mode,speechiness,tempo,time_signature,valence,duration_ms,popularity
0.2709,0.46199999999999997,0.736,0.4425,0,0.0238,-7.768,0,0.0355,0.5599919999999999,4,0.365,321112,21
0.36819999999999997,0.3871,0.795,0.462,2,0.021400000000000002,-6.035,1,0.0294,0.47996,4,0.302,327683,34
0.33599999999999997,0.3899,0.943,0.3605,6,0.01132,-10.916,1,0.0361,0.42518,4,0.424,135000,11
