acousticness,danceability,energy,instrumentalness,key,liveness,loudness,mode,speechiness,tempo,time_signature,valence,duration_ms,popularity
0.29119999999999996,0.1169,0.548,0.0,4,0.0702,-9.498,1,0.0425,0.313392,3,0.124,498915,31
0.24989999999999998,0.21,0.586,0.0,2,0.024,-6.037,1,0.0447,0.31308400000000003,4,0.171,216060,32
0.3808,0.1799,0.502,0.00098,4,0.05280000000000001,-8.863,1,0.0388,0.288976,4,0.229,336736,48
0.3234,0.10219999999999999,0.517,0.000104,1,0.0204,-7.748,1,0.039,0.309112,4,0.0987,223640,35
