acousticness,danceability,energy,instrumentalness,key,liveness,loudness,mode,speechiness,tempo,time_signature,valence,duration_ms,popularity
0.3968999999999999,0.2387,0.312,0.4055,4,0.0218,-14.139,1,0.0335,0.63686,5,0.0406,570000,39
0.3892,0.34859999999999997,0.3,0.3805,9,0.01628,-15.208,0,0.03,0.560028,4,0.173,436373,43
