acousticness,danceability,energy,instrumentalness,key,liveness,loudness,mode,speechiness,tempo,time_signature,valence,duration_ms,popularity
0.22399999999999998,0.04347,0.0439,0.4155,0,0.01972,-28.458,1,0.0447,0.282708,4,0.0289,592213,17
0.1253,0.1316,0.114,0.4265,1,0.0206,-29.092,1,0.0517,0.295856,4,0.0385,117000,13
0.1799,0.07629999999999999,0.324,0.4625,5,0.0236,-20.49,1,0.0506,0.30218,4,0.0357,478488,34
0.20579999999999998,0.1316,0.0702,0.4075,1,0.023000000000000003,-26.955,1,0.0502,0.561136,4,0.0523,237307,1
0.3388,0.0791,0.161,0.464,7,0.032,-20.046,1,0.0442,0.260248,4,0.0365,337840,48
