acousticness,danceability,energy,instrumentalness,key,liveness,loudness,mode,speechiness,tempo,time_signature,valence,duration_ms,popularity
0.13369999999999999,0.42489999999999994,0.125,0.0,5,0.01974,-11.475,1,0.909,0.680004,3,0.171,278336,21
0.126,0.4256,0.282,0.0,7,0.054200000000000005,-16.734,1,0.942,0.371632,3,0.0854,129844,28
