acousticness,danceability,energy,instrumentalness,key,liveness,loudness,mode,speechiness,tempo,time_signature,valence,duration_ms,popularity
0.581,0.413,0.727,0.0,4,0.1338,-6.196,1,0.941,0.330796,3,0.124,206627,40
0.5746999999999999,0.3283,0.682,0.0,6,0.16140000000000002,-17.088,1,0.925,0.31362,1,0.285,220267,42
