acousticness,danceability,energy,instrumentalness,key,liveness,loudness,mode,speechiness,tempo,time_signature,valence,duration_ms,popularity
0.44939999999999997,0.259,0.388,0.0745,7,0.025800000000000003,-19.848,1,0.0506,0.40068400000000004,3,0.0716,203853,17
0.5228999999999999,0.308,0.343,0.1655,11,0.01992,-12.527,1,0.0366,0.394308,4,0.0684,315107,37
0.469,0.32899999999999996,0.436,0.1315,0,0.0588,-10.228,1,0.0351,0.32788799999999996,3,0.0389,248056,67
