acousticness,danceability,energy,instrumentalness,key,liveness,loudness,mode,speechiness,tempo,time_signature,valence,duration_ms,popularity
0.10429999999999999,0.4522,0.279,0.4575,4,0.019860000000000003,-3.575,1,0.0545,0.480252,4,0.715,147587,22
0.002933,0.476,0.547,0.4455,7,0.012400000000000001,-12.653,1,0.0568,0.480144,4,0.578,385174,30
0.026039999999999997,0.4815999999999999,0.534,0.469,9,0.0238,-10.534,0,0.0392,0.511996,4,0.642,456701,44
0.00036050000000000003,0.3906,0.569,0.3535,6,0.0446,-14.307,0,0.0335,0.548544,4,0.667,225280,23
0.04956,0.3906,0.523,0.451,3,0.06820000000000001,-12.95,1,0.135,0.417024,4,0.538,153887,24
0.004893,0.4347,0.397,0.3825,10,0.01592,-9.53,0,0.0484,0.5895199999999999,4,0.688,304000,44
