acousticness,danceability,energy,instrumentalness,key,liveness,loudness,mode,speechiness,tempo,time_signature,valence,duration_ms,popularity
0.5761,0.34019999999999995,0.756,0.1325,9,0.07540000000000001,-7.711,1,0.0709,0.459088,4,0.812,174907,41
0.42629999999999996,0.41369999999999996,0.755,0.215,0,0.01922,-9.665,1,0.0343,0.48396,4,0.813,250950,4
0.6202,0.3549,0.726,0.1705,5,0.0308,-11.719,0,0.0375,0.5113,4,0.751,318627,43
