acousticness,danceability,energy,instrumentalness,key,liveness,loudness,mode,speechiness,tempo,time_signature,valence,duration_ms,popularity
1.652e-05,0.12179999999999998,0.801,5.35e-05,11,0.0626,-9.381,1,0.0439,0.662596,4,0.786,184000,31
0.004920999999999999,0.371,0.817,5.3e-06,1,0.025,-6.853,1,0.32,0.63716,4,0.731,180924,28
0.01722,0.217,0.901,0.0,1,0.025,-4.164,1,0.0499,0.729336,4,0.825,123133,31
3.99e-05,0.33599999999999997,0.931,3.73e-05,9,0.014180000000000002,-5.074,0,0.161,0.659304,4,0.808,156520,25
0.04543,0.27299999999999996,0.748,0.0,8,0.0328,-5.916,1,0.102,0.763644,4,0.782,231419,51
0.0020859999999999997,0.30169999999999997,0.757,0.0,6,0.0632,-8.189,0,0.305,0.667876,4,0.773,206813,31
0.06999999999999999,0.2807,0.914,0.0,9,0.00992,-2.981,1,0.189,0.677148,4,0.862,177587,39
