acousticness,danceability,energy,instrumentalness,key,liveness,loudness,mode,speechiness,tempo,time_signature,valence,duration_ms,popularity
0.41509999999999997,0.41089999999999993,0.642,0.4625,2,0.0242,-7.644,1,0.0335,0.595424,3,0.962,155068,16
0.5012,0.24499999999999997,0.705,0.4485,4,0.05600000000000001,-11.537,0,0.0367,0.535008,3,0.869,340246,23
0.567,0.4697,0.714,0.4525,5,0.0322,-6.584,1,0.0343,0.434856,4,0.892,282413,26
0.6376999999999999,0.39829999999999993,0.639,0.494,10,0.01878,-7.823,1,0.0331,0.6208239999999999,4,0.961,152021,32
