acousticness,danceability,energy,instrumentalness,key,liveness,loudness,mode,speechiness,tempo,time_signature,valence,duration_ms,popularity
0.0014559999999999998,0.06600999999999999,0.747,0.391,10,0.0159,-6.443,1,0.109,0.644312,4,0.036,576556,34
0.00019599999999999997,0.054599999999999996,0.696,0.413,2,0.07500000000000001,-7.764,0,0.0947,0.699036,4,0.0361,430146,32
0.1407,0.1141,0.739,0.2615,2,0.016120000000000002,-10.603,1,0.0826,0.676832,3,0.0488,203539,18
0.01764,0.12249999999999998,0.732,0.2705,0,0.1206,-6.699,1,0.041,0.733292,4,0.178,253032,29
7.35e-05,0.0805,0.758,0.421,2,0.0742,-7.819,0,0.0731,0.6879919999999999,4,0.175,304440,32
0.0002492,0.12179999999999998,0.793,0.4325,4,0.041,-6.5,0,0.0469,0.671548,4,0.0421,241227,36
0.02163,0.15889999999999999,0.758,0.4695,8,0.0294,-8.459,0,0.0392,0.6185879999999999,3,0.114,335616,5
0.07279999999999999,0.26949999999999996,0.759,0.458,2,0.0252,-9.163,0,0.0444,0.69432,3,0.173,466307,48
1.785e-06,0.06901999999999998,0.861,0.467,7,0.13440000000000002,-6.351,1,0.0705,0.6335879999999999,4,0.137,340467,33
