acousticness,danceability,energy,instrumentalness,key,liveness,loudness,mode,speechiness,tempo,time_signature,valence,duration_ms,popularity
0.1197,0.33039999999999997,0.9,0.0,0,0.014960000000000001,-4.016,1,0.265,0.48660000000000003,4,0.729,554762,30
0.1876,0.34719999999999995,0.833,0.0,5,0.01716,-3.398,1,0.287,0.5397759999999999,5,0.63,192785,58
0.0812,0.364,0.717,0.0,6,0.049800000000000004,-3.006,0,0.389,0.5422,5,0.704,261547,44
0.11549999999999999,0.357,0.732,0.0925,7,0.0256,-6.056,1,0.394,0.575988,4,0.548,173759,0
0.13649999999999998,0.3605,0.853,0.0,2,0.0688,-5.463,1,0.21,0.559636,4,0.754,292180,26
0.1099,0.3374,0.813,0.0,6,0.0762,-5.968,0,0.271,0.613004,4,0.612,217613,44
0.1631,0.33319999999999994,0.72,0.0,3,0.06860000000000001,-6.045,1,0.19,0.567808,4,0.73,577659,9
0.19949999999999998,0.4564,0.911,3.24e-06,11,0.026400000000000003,-4.168,0,0.318,0.64018,4,0.518,239545,40
