acousticness,danceability,energy,instrumentalness,key,liveness,loudness,mode,speechiness,tempo,time_signature,valence,duration_ms,popularity
0.001078,0.08889999999999999,0.482,0.383,11,0.0218,-8.005,0,0.0376,0.374952,4,0.0794,544227,37
0.21489999999999998,0.10219999999999999,0.532,0.452,6,0.0524,-7.734,0,0.0319,0.39084399999999997,3,0.0654,279125,23
0.001204,0.06985999999999999,0.373,0.473,1,0.020000000000000004,-9.256,0,0.0404,0.35984,4,0.0396,632747,24
0.007209999999999999,0.21559999999999999,0.455,0.443,0,0.020200000000000003,-12.844,1,0.0356,0.53238,4,0.14,199000,26
0.06356,0.13299999999999998,0.388,0.401,4,0.024,-13.364,0,0.045,0.479116,4,0.0391,356246,21
0.00028419999999999997,0.147,0.486,0.394,8,0.0824,-3.289,1,0.0522,0.5003759999999999,4,0.0392,453760,12
0.1351,0.10009999999999998,0.457,0.465,9,0.0236,-7.17,0,0.0308,0.36641199999999996,1,0.1,180000,30
0.00231,0.1659,0.378,0.386,1,0.021,-17.603,1,0.0327,0.519976,4,0.0308,334500,11
