acousticness,danceability,energy,instrumentalness,key,liveness,loudness,mode,speechiness,tempo,time_signature,valence,duration_ms,popularity
0.44239999999999996,0.5544,0.813,0.438,1,0.0173,-10.476,1,0.0518,0.48016000000000003,4,0.592,429000,40
0.5271,0.44799999999999995,0.825,0.448,9,0.019280000000000002,-8.674,1,0.0418,0.320004,4,0.677,577945,9
0.5368999999999999,0.4683,0.726,0.468,5,0.0252,-9.606,1,0.0458,0.543024,4,0.693,76320,30
0.46199999999999997,0.4976999999999999,0.635,0.48,4,0.0388,-13.168,0,0.0537,0.496136,4,0.646,306970,61
0.5593,0.5215,0.576,0.3555,9,0.01118,-7.46,0,0.0787,0.47842399999999996,4,0.711,151853,41
0.5999,0.3927,0.679,0.493,9,0.0316,-7.801,1,0.0477,0.396384,4,0.678,817240,1
0.4676,0.4725,0.632,0.376,8,0.0316,-9.529,1,0.0841,0.465296,4,0.689,246280,29
0.5228999999999999,0.4627,0.737,0.272,6,0.023000000000000003,-6.317,1,0.0287,0.39995600000000003,4,0.532,235747,46
