acousticness,danceability,energy,instrumentalness,key,liveness,loudness,mode,speechiness,tempo,time_signature,valence,duration_ms,popularity
0.001169,0.5628,0.465,0.4205,9,0.01668,-14.735,0,0.0693,0.53164,4,0.615,214840,6
0.21209999999999998,0.6355999999999999,0.465,0.417,0,0.021400000000000002,-15.595,1,0.187,0.504028,4,0.587,379785,35
0.04606,0.4704,0.486,0.352,1,0.0344,-10.587,1,0.0822,0.4602,4,0.623,169280,14
0.008889999999999999,0.567,0.416,0.4715,1,0.012180000000000002,-16.672,1,0.195,0.45998,4,0.67,368398,15
0.0938,0.4976999999999999,0.494,0.4305,0,0.01754,-8.45,0,0.0355,0.48006400000000005,4,0.689,264039,36
