acousticness,danceability,energy,instrumentalness,key,liveness,loudness,mode,speechiness,tempo,time_signature,valence,duration_ms,popularity
0.04158,0.6096999999999999,0.938,9.05e-06,11,0.1602,-6.039,1,0.113,0.5240159999999999,4,0.465,228000,59
0.014559999999999998,0.6776,0.965,0.1805,6,0.019360000000000002,-5.096,1,0.069,0.528044,4,0.52,232777,21
0.002835,0.5893999999999999,0.817,0.1675,0,0.026600000000000002,-5.102,1,0.0429,0.492168,4,0.523,211707,53
0.03682,0.5725999999999999,0.839,0.0855,2,0.020000000000000004,-5.916,1,0.0503,0.48017200000000004,4,0.544,224999,43
0.03262,0.6426,0.85,0.207,0,0.0144,-6.134,1,0.0466,0.491988,4,0.532,199024,57
0.02534,0.5992,0.903,0.000161,10,0.0454,-2.377,0,0.0521,0.49601999999999996,4,0.465,176129,50
