acousticness,danceability,energy,instrumentalness,key,liveness,loudness,mode,speechiness,tempo,time_signature,valence,duration_ms,popularity
0.06594,0.6412,0.491,0.0,4,0.01768,-9.722,0,0.387,0.55196,4,0.518,192679,34
0.038919999999999996,0.6194999999999999,0.305,2.54e-05,7,0.01552,-15.75,1,0.429,0.550024,4,0.575,326373,50
0.06817999999999999,0.6454,0.434,0.0,1,0.00824,-13.056,1,0.387,0.51998,4,0.684,155136,62
0.13649999999999998,0.6279,0.45,0.0,9,0.019360000000000002,-11.546,1,0.354,0.411932,4,0.296,179067,35
0.02037,0.5761,0.478,0.0,10,0.0216,-11.115,0,0.36,0.591976,4,0.44,227027,38
0.015399999999999999,0.637,0.444,0.0,1,0.027400000000000004,-8.126,0,0.344,0.599812,4,0.53,276333,73
0.06971999999999999,0.5963999999999999,0.329,0.004515,7,0.022600000000000002,-9.332,1,0.303,0.6801159999999999,4,0.353,190588,56
0.060969999999999996,0.6433,0.395,2.265e-06,8,0.01896,-8.73,1,0.355,0.5396559999999999,4,0.571,349960,53
0.1323,0.6657,0.484,0.0,1,0.01532,-10.591,1,0.337,0.49616000000000005,4,0.383,197461,65
