acousticness,danceability,energy,instrumentalness,key,liveness,loudness,mode,speechiness,tempo,time_signature,valence,duration_ms,popularity
0.4487,0.4165,0.489,0.02075,2,0.0318,-9.68,0,0.145,0.5294,4,0.196,311507,40
0.4871999999999999,0.5082,0.295,0.000178,0,0.0344,-14.504,1,0.219,0.46026799999999995,4,0.138,178356,57
0.4095,0.4662,0.502,0.000319,2,0.038200000000000005,-11.424,0,0.192,0.355784,4,0.302,165767,33
0.5018999999999999,0.5397,0.364,0.0076,11,0.031,-14.164,0,0.29,0.50022,4,0.263,253440,36
0.4452,0.41719999999999996,0.458,9.25e-05,4,0.11160000000000002,-15.147,0,0.3,0.36931200000000003,3,0.179,191058,36
0.45849999999999996,0.5137999999999999,0.475,6.2e-06,1,0.01856,-11.521,1,0.0616,0.360016,4,0.151,141431,44
