acousticness,danceability,energy,instrumentalness,key,liveness,loudness,mode,speechiness,tempo,time_signature,valence,duration_ms,popularity
0.3465,0.3269,0.659,0.4775,11,0.0204,-8.717,1,0.0261,0.419904,4,0.11,354320,43
0.3836,0.308,0.575,0.4645,4,0.025400000000000002,-7.256,0,0.0292,0.343488,4,0.246,269973,37
0.2975,0.41859999999999997,0.57,0.4795,4,0.0208,-10.378,1,0.0233,0.319944,4,0.176,345600,38
0.3535,0.33669999999999994,0.67,0.45,0,0.046200000000000005,-17.302,0,0.0534,0.35302,4,0.0654,248920,14
0.33949999999999997,0.21,0.66,0.4085,10,0.023200000000000002,-7.536,0,0.0704,0.3496,4,0.189,260253,45
0.3906,0.4501,0.639,0.338,0,0.0216,-7.905,1,0.0255,0.42006400000000005,4,0.25,399800,25
