acousticness,danceability,energy,instrumentalness,key,liveness,loudness,mode,speechiness,tempo,time_signature,valence,duration_ms,popularity
0.028069999999999994,0.5215,0.52,0.0,7,0.0206,-7.881,0,0.286,0.45794,4,0.205,250827,47
0.043399999999999994,0.5453,0.644,0.0,9,0.01858,-6.954,1,0.3,0.47230399999999995,3,0.249,229068,48
0.06978999999999999,0.5774999999999999,0.695,0.0,4,0.016020000000000003,-7.725,0,0.345,0.488268,4,0.255,334600,7
0.1414,0.5411,0.566,0.0,7,0.0348,-6.646,1,0.313,0.639884,4,0.32,165000,58
0.05956999999999999,0.6384,0.595,0.0,9,0.032600000000000004,-5.147,1,0.171,0.520064,4,0.357,127975,26
0.16729999999999998,0.6258,0.515,2.105e-05,1,0.01992,-7.599,1,0.336,0.460036,4,0.311,175385,21
0.049,0.5711999999999999,0.57,0.00077,11,0.0218,-8.877,1,0.159,0.463844,4,0.278,222414,44
0.0037869999999999996,0.5446,0.567,0.0,1,0.01788,-7.722,1,0.224,0.488288,4,0.102,225306,43
