acousticness,danceability,energy,instrumentalness,key,liveness,loudness,mode,speechiness,tempo,time_signature,valence,duration_ms,popularity
0.6069,0.46549999999999997,0.448,0.0,2,0.0294,-16.971,1,0.958,0.342464,1,0.506,413858,26
0.5621,0.5264,0.344,0.0,9,0.17720000000000002,-15.987,1,0.951,0.337716,1,0.648,151766,23
0.5838,0.4522,0.223,0.0,10,0.0478,-22.814,0,0.936,0.418128,4,0.569,289133,19
0.4627,0.39829999999999993,0.501,0.0,2,0.164,-16.274,1,0.945,0.351772,5,0.511,189062,3
0.6342,0.4746,0.377,0.0,10,0.11000000000000001,-14.254,0,0.91,0.463572,4,0.596,569533,38
0.5914999999999999,0.49839999999999995,0.231,0.0,0,0.0374,-22.258,1,0.885,0.442612,4,0.491,390307,8
0.5397,0.44029999999999997,0.473,0.0,0,0.045000000000000005,-14.234,1,0.948,0.43918799999999997,4,0.525,81678,36
0.6572999999999999,0.4850999999999999,0.301,0.0,1,0.0246,-11.145,1,0.949,0.36242399999999997,4,0.596,306227,30
0.5942999999999999,0.49279999999999996,0.36,0.0,6,0.1454,-16.6,1,0.901,0.440976,5,0.542,237387,13
