acousticness,danceability,energy,instrumentalness,key,liveness,loudness,mode,speechiness,tempo,time_signature,valence,duration_ms,popularity
0.6678,0.26599999999999996,0.282,0.405,1,0.01976,-13.146,1,0.0319,0.24958000000000002,4,0.294,194893,24
0.4501,0.3703,0.224,0.473,3,0.0366,-16.567,0,0.0306,0.34400400000000003,4,0.228,181264,46
0.5292,0.38780000000000003,0.119,0.3635,7,0.0208,-20.872,0,0.0299,0.320012,4,0.282,167307,42
0.6166999999999999,0.34509999999999996,0.107,0.453,2,0.0244,-22.122,1,0.0336,0.36530399999999996,4,0.126,309587,55
0.5935999999999999,0.2954,0.148,0.471,6,0.0262,-19.432,0,0.0434,0.405112,3,0.255,315435,39
0.5228999999999999,0.3094,0.167,0.436,6,0.0238,-11.707,0,0.027,0.33560399999999996,4,0.262,450827,21
0.6579999999999999,0.2268,0.234,0.4145,4,0.073,-12.706,1,0.0394,0.30569999999999997,4,0.307,125166,40
0.5621,0.2996,0.118,0.4565,0,0.012540000000000003,-22.941,1,0.0403,0.431672,4,0.225,257040,35
