acousticness,danceability,energy,instrumentalness,key,liveness,loudness,mode,speechiness,tempo,time_signature,valence,duration_ms,popularity
0.5999,0.48999999999999994,0.546,0.4475,7,0.0149,-17.793,0,0.0868,0.411292,4,0.168,276133,21
0.5929,0.4382,0.744,0.446,2,0.028999999999999998,-9.189,0,0.0662,0.45246800000000004,4,0.259,520133,49
