acousticness,danceability,energy,instrumentalness,key,liveness,loudness,mode,speechiness,tempo,time_signature,valence,duration_ms,popularity
0.6005999999999999,0.20439999999999997,0.456,0.469,7,0.0344,-14.098,0,0.0378,0.597572,3,0.511,169907,53
0.5558,0.13649999999999998,0.498,0.479,7,0.021,-18.167,0,0.0382,0.70388,4,0.391,406857,30
0.5495,0.217,0.374,0.451,2,0.01734,-12.106,1,0.0423,0.713052,4,0.56,232747,21
0.5886999999999999,0.2289,0.599,0.416,4,0.016,-14.75,1,0.0648,0.676804,4,0.633,184333,41
