acousticness,danceability,energy,instrumentalness,key,liveness,loudness,mode,speechiness,tempo,time_signature,valence,duration_ms,popularity
0.6559,0.2562,0.455,0.4835,8,0.01958,-17.036,0,0.038,0.783996,4,0.104,308578,19
0.6475,0.21419999999999997,0.371,0.464,0,0.027400000000000004,-11.655,1,0.042,0.699592,3,0.0363,343897,35
0.6461,0.10359999999999998,0.424,0.438,0,0.0194,-22.013,0,0.184,0.6626839999999999,3,0.119,240331,20
