acousticness,danceability,energy,instrumentalness,key,liveness,loudness,mode,speechiness,tempo,time_signature,valence,duration_ms,popularity
0.0805,0.41229999999999994,0.23,0.00096,9,0.01306,-11.043,1,0.0303,0.320024,4,0.448,121875,3
0.1925,0.2527,0.311,1.085e-06,4,0.011000000000000001,-13.849,1,0.0302,0.37738,4,0.348,208427,20
0.24079999999999996,0.2296,0.306,0.0,2,0.0292,-12.088,1,0.0301,0.393068,4,0.559,124987,23
0.11199999999999999,0.26599999999999996,0.159,0.0,4,0.01604,-17.524,1,0.0342,0.556972,4,0.389,234493,44
0.3024,0.39899999999999997,0.16,0.0,9,0.026600000000000002,-19.384,0,0.0372,0.40289600000000003,4,0.469,185427,40
0.2821,0.34509999999999996,0.297,0.0,6,0.028999999999999998,-14.838,0,0.0487,0.36109199999999997,4,0.436,245173,57
