acousticness,danceability,energy,instrumentalness,key,liveness,loudness,mode,speechiness,tempo,time_signature,valence,duration_ms,popularity
0.6698999999999999,0.3724,0.132,0.0,2,0.01664,-19.486,1,0.261,0.7041000000000001,4,0.83,207907,55
0.6194999999999999,0.35,0.251,0.000825,0,0.049600000000000005,-12.981,0,0.0474,0.69974,4,0.697,186067,45
0.6916,0.3213,0.272,0.02325,6,0.10740000000000001,-13.683,1,0.0605,0.63352,4,0.793,183280,6
0.6965,0.4305,0.255,0.00615,7,0.033800000000000004,-14.599,0,0.0618,0.72448,4,0.69,188447,37
0.6965,0.27649999999999997,0.288,0.0,7,0.024800000000000003,-16.916,1,0.0486,0.68064,3,0.888,144000,1
0.6943999999999999,0.24639999999999998,0.418,0.03365,0,0.019600000000000003,-9.752,1,0.0403,0.6856720000000001,4,0.766,139133,29
