acousticness,danceability,energy,instrumentalness,key,liveness,loudness,mode,speechiness,tempo,time_signature,valence,duration_ms,popularity
0.4606,0.5908,0.505,8.2e-07,5,0.0364,-7.949,0,0.133,0.519676,4,0.637,213231,49
0.41929999999999995,0.48299999999999993,0.567,4.6e-05,7,0.023200000000000002,-10.875,0,0.311,0.38400799999999996,4,0.609,328573,47
0.40669999999999995,0.5152,0.589,0.0,7,0.0252,-8.4,0,0.254,0.528036,4,0.54,290813,31
0.5732999999999999,0.5978,0.525,0.0,1,0.0292,-4.426,1,0.214,0.388216,4,0.63,197587,84
0.38780000000000003,0.4578,0.583,0.0,6,0.021,-8.959,0,0.271,0.395064,4,0.461,239394,46
0.4634,0.4487,0.51,0.00116,9,0.0218,-9.592,0,0.297,0.359744,4,0.53,274500,32
