acousticness,danceability,energy,instrumentalness,key,liveness,loudness,mode,speechiness,tempo,time_signature,valence,duration_ms,popularity
0.6965,0.3101,0.0215,0.476,3,0.025800000000000003,-26.368,1,0.0458,0.267296,4,0.495,236289,41
0.6831999999999999,0.3101,0.138,0.4595,2,0.027400000000000004,-17.774,1,0.0394,0.31030399999999997,4,0.501,163907,1
0.6901999999999999,0.1946,0.00897,0.3905,10,0.01434,-35.603,1,0.0328,0.44069600000000003,3,0.598,244120,37
0.6965,0.3745,0.0186,0.449,5,0.01548,-29.327,1,0.0586,0.425568,3,0.376,183867,36
0.6958,0.2849,0.0838,0.4395,5,0.0149,-30.19,1,0.0523,0.472048,3,0.432,198720,47
0.6279,0.4466,0.0389,0.4245,1,0.014620000000000001,-17.75,1,0.115,0.319552,4,0.48,174000,56
0.6888,0.2254,0.184,0.451,0,0.01626,-18.312,0,0.0338,0.431388,4,0.356,193600,56
0.6727,0.3262,0.0789,0.3835,7,0.01934,-20.764,1,0.0431,0.509516,4,0.425,409240,20
