acousticness,danceability,energy,instrumentalness,key,liveness,loudness,mode,speechiness,tempo,time_signature,valence,duration_ms,popularity
0.0931,0.20369999999999996,0.383,2.725e-05,0,0.0262,-8.661,0,0.0415,0.75962,3,0.14,224347,21
0.034719999999999994,0.301,0.338,0.0,5,0.0244,-12.648,1,0.0282,0.50678,4,0.129,277580,31
0.01155,0.1512,0.349,5.2e-06,7,0.021400000000000002,-7.924,1,0.033,0.591424,3,0.134,259274,35
0.077,0.16799999999999998,0.416,0.1335,0,0.013980000000000001,-6.341,1,0.0335,0.604548,3,0.0786,324053,11
0.00245,0.25339999999999996,0.304,0.0725,2,0.0222,-9.365,1,0.0363,0.495876,3,0.0397,577242,0
0.00805,0.2506,0.4,0.2535,0,0.032400000000000005,-10.715,0,0.0301,0.600284,4,0.0638,255348,43
0.1176,0.19739999999999996,0.33,0.178,3,0.026800000000000004,-15.031,1,0.035,0.442532,1,0.0351,329282,18
0.060969999999999996,0.294,0.335,0.00258,1,0.024800000000000003,-13.978,0,0.0871,0.63976,4,0.114,221000,48
0.036399999999999995,0.2394,0.277,0.094,5,0.01794,-12.568,0,0.0403,0.559804,4,0.102,280811,49
