acousticness,danceability,energy,instrumentalness,key,liveness,loudness,mode,speechiness,tempo,time_signature,valence,duration_ms,popularity
0.2191,0.161,0.0838,3.75e-05,10,0.07840000000000001,-51.398,1,0.0333,0.320164,4,0.0189,243174,41
0.24079999999999996,0.14909999999999998,0.0743,1.725e-05,9,0.0424,-18.071,0,0.0408,0.215452,4,0.145,218507,63
0.3388,0.0952,0.0194,0.00695,6,0.0206,-24.032,1,0.0415,0.401452,4,0.0678,782000,8
