acousticness,danceability,energy,instrumentalness,key,liveness,loudness,mode,speechiness,tempo,time_signature,valence,duration_ms,popularity
0.006636,0.4781,0.679,0.4315,10,0.01702,-7.241,0,0.0856,0.700172,4,0.653,374946,41
0.2366,0.469,0.699,0.411,4,0.0204,-14.571,1,0.103,0.744004,4,0.704,352948,38
0.12039999999999998,0.3549,0.763,0.443,0,0.06480000000000001,-12.732,1,0.0945,0.7047720000000001,4,0.708,186853,60
0.1687,0.43889999999999996,0.623,0.403,7,0.023400000000000004,-10.968,0,0.0331,0.690644,4,0.708,333434,36
