acousticness,danceability,energy,instrumentalness,key,liveness,loudness,mode,speechiness,tempo,time_signature,valence,duration_ms,popularity
0.2793,0.2219,0.382,0.00205,9,0.0412,-6.062,0,0.0298,0.622064,3,0.0932,416520,48
0.2828,0.2191,0.389,0.1875,2,0.042,-10.158,1,0.0333,0.6889959999999999,4,0.143,280133,47
0.20159999999999997,0.2555,0.196,0.217,9,0.0218,-21.361,0,0.0355,0.40082799999999996,3,0.191,524200,25
0.3234,0.29469999999999996,0.255,0.0,4,0.028999999999999998,-10.053,0,0.0325,0.495824,3,0.214,324133,29
0.3318,0.20439999999999997,0.242,0.0037,8,0.01908,-12.61,1,0.0417,0.701372,4,0.154,201178,52
0.2975,0.4487,0.314,0.205,2,0.023200000000000002,-11.56,1,0.0375,0.383876,4,0.123,218467,56
0.29259999999999997,0.25689999999999996,0.364,0.0432,10,0.0185,-8.306,1,0.0285,0.512188,3,0.128,247520,20
