acousticness,danceability,energy,instrumentalness,key,liveness,loudness,mode,speechiness,tempo,time_signature,valence,duration_ms,popularity
0.42279999999999995,0.2394,0.755,0.0,7,0.0948,-6.104,0,0.0838,0.747876,4,0.363,215720,34
0.4739,0.4038999999999999,0.661,0.02225,11,0.01898,-10.244,0,0.0552,0.8324360000000001,4,0.32,250600,36
0.3633,0.3059,0.766,0.004265,8,0.0218,-3.471,1,0.0336,0.7450399999999999,4,0.382,229226,45
0.3731,0.2702,0.609,3.73e-05,0,0.01686,-7.491,1,0.121,0.78324,4,0.401,236533,33
0.4767,0.39130000000000004,0.721,7e-05,2,0.0252,-8.217,0,0.0538,0.68796,4,0.315,179072,51
