acousticness,danceability,energy,instrumentalness,key,liveness,loudness,mode,speechiness,tempo,time_signature,valence,duration_ms,popularity
0.5628,0.39619999999999994,0.274,0.0,9,0.022000000000000002,-10.463,0,0.232,0.741384,4,0.441,130253,32
0.6755,0.3479,0.303,0.0054,3,0.0304,-14.338,1,0.197,0.5839719999999999,4,0.405,240880,23
0.6026999999999999,0.2653,0.247,0.01225,1,0.0446,-11.368,0,0.153,0.701328,4,0.44,347027,29
