acousticness,danceability,energy,instrumentalness,key,liveness,loudness,mode,speechiness,tempo,time_signature,valence,duration_ms,popularity
0.3968999999999999,0.5761,0.754,0.4105,11,0.018260000000000002,-9.212,0,0.0431,0.405588,4,0.602,296453,45
0.2975,0.413,0.707,0.452,0,0.0286,-7.801,0,0.0486,0.379944,4,0.694,371618,25
0.3213,0.5635,0.764,0.4685,4,0.0204,-10.983,0,0.0796,0.48803199999999997,4,0.707,598071,41
0.2681,0.34369999999999995,0.658,0.386,1,0.0222,-9.693,1,0.0516,0.42224,4,0.655,416933,38
0.30029999999999996,0.3731,0.785,0.4135,7,0.01764,-5.886,0,0.116,0.44572,4,0.69,426840,50
