acousticness,danceability,energy,instrumentalness,key,liveness,loudness,mode,speechiness,tempo,time_signature,valence,duration_ms,popularity
0.4906999999999999,0.42769999999999997,0.466,0.389,2,0.01832,-10.212,0,0.0431,0.61058,4,0.54,238407,33
0.42489999999999994,0.4571,0.467,0.395,1,0.020200000000000003,-12.797,1,0.0358,0.469428,3,0.493,234107,44
0.3731,0.41929999999999995,0.532,0.2145,10,0.0122,-9.612,0,0.133,0.530192,4,0.546,262307,22
0.4836999999999999,0.5271,0.666,0.3445,0,0.0206,-10.558,1,0.152,0.6787000000000001,5,0.392,223562,43
0.4634,0.5509,0.494,0.281,0,0.01958,-9.384,1,0.0372,0.36795999999999995,4,0.588,309981,49
