acousticness,danceability,energy,instrumentalness,key,liveness,loudness,mode,speechiness,tempo,time_signature,valence,duration_ms,popularity
0.2387,0.3968999999999999,0.351,0.378,7,0.01958,-14.395,1,0.0416,0.320116,4,0.0966,270253,26
0.4256,0.24779999999999996,0.472,0.424,6,0.021,-11.49,1,0.0364,0.373092,4,0.0833,198573,9
0.39409999999999995,0.1477,0.402,0.4115,9,0.1004,-10.379,1,0.0295,0.339736,4,0.181,202147,20
