acousticness,danceability,energy,instrumentalness,key,liveness,loudness,mode,speechiness,tempo,time_signature,valence,duration_ms,popularity
0.0031359999999999995,0.21,0.646,0.1725,2,0.09300000000000001,-12.712,1,0.0421,0.333524,4,0.186,392971,43
0.01022,0.24499999999999997,0.721,0.1825,4,0.06780000000000001,-5.729,1,0.0447,0.366056,4,0.218,245067,41
0.0015959999999999998,0.1148,0.594,0.199,0,0.027200000000000002,-11.36,1,0.0352,0.328488,4,0.198,701960,39
1.085e-05,0.10149999999999999,0.65,0.242,2,0.01478,-7.853,1,0.0373,0.366592,4,0.174,404987,11
