acousticness,danceability,energy,instrumentalness,key,liveness,loudness,mode,speechiness,tempo,time_signature,valence,duration_ms,popularity
0.6685,0.4599,0.253,0.4495,7,0.019280000000000002,-13.504,0,0.026,0.39150799999999997,4,0.0755,211403,43
0.6867,0.3605,0.12,0.4465,3,0.01898,-18.487,1,0.0446,0.176588,4,0.0993,253360,33
0.5971,0.5067999999999999,0.167,0.4375,1,0.01628,-18.547,1,0.0661,0.34012,4,0.0929,273013,35
0.6818,0.3549,0.294,0.482,2,0.019680000000000003,-11.372,0,0.107,0.29388,4,0.147,438240,34
0.6880999999999999,0.3066,0.182,0.4205,2,0.0238,-15.209,0,0.0338,0.26214,3,0.0639,284187,52
0.49139999999999995,0.5095999999999999,0.272,0.4545,10,0.015160000000000002,-10.516,0,0.0596,0.304,4,0.0512,205310,27
0.6517,0.4767,0.138,0.391,5,0.13660000000000003,-15.245,1,0.0541,0.257664,4,0.157,275027,37
