acousticness,danceability,energy,instrumentalness,key,liveness,loudness,mode,speechiness,tempo,time_signature,valence,duration_ms,popularity
0.48299999999999993,0.5586,0.847,2.35e-05,0,0.025,-8.725,1,0.0384,0.359788,4,0.965,125519,24
0.5285,0.4774,0.894,0.1255,9,0.021400000000000002,-5.084,1,0.0388,0.327856,4,0.977,278000,34
0.38430000000000003,0.49279999999999996,0.884,0.000182,8,0.009840000000000002,-6.275,1,0.0527,0.372232,4,0.964,228554,66
