acousticness,danceability,energy,instrumentalness,key,liveness,loudness,mode,speechiness,tempo,time_signature,valence,duration_ms,popularity
0.28629999999999994,0.5243,0.566,0.0,1,0.01836,-7.793,1,0.268,0.28803199999999995,5,0.795,192000,52
0.3766,0.6153,0.495,0.0001665,7,0.01654,-10.584,0,0.0765,0.41060800000000003,4,0.802,313493,61
0.38430000000000003,0.4774,0.521,8.15e-07,9,0.00622,-11.434,0,0.249,0.37091199999999996,4,0.832,420333,53
0.41789999999999994,0.45849999999999996,0.597,0.0,0,0.1282,-12.518,1,0.192,0.391432,4,0.79,146400,41
0.45149999999999996,0.5781999999999999,0.547,0.000188,2,0.0206,-11.343,1,0.282,0.352248,4,0.717,191960,35
0.31429999999999997,0.48439999999999994,0.529,0.0,2,0.01876,-5.91,1,0.193,0.352512,4,0.748,189000,33
0.42629999999999996,0.5872999999999999,0.535,0.0,1,0.023000000000000003,-6.969,1,0.0799,0.472032,4,0.693,232960,58
0.2779,0.5418,0.539,0.0,0,0.0366,-6.121,0,0.27,0.311964,4,0.748,129038,42
0.3122,0.5061,0.515,7.2e-05,2,0.01846,-6.817,0,0.222,0.363808,4,0.761,193867,55
