acousticness,danceability,energy,instrumentalness,key,liveness,loudness,mode,speechiness,tempo,time_signature,valence,duration_ms,popularity
0.010499999999999999,0.2261,0.697,0.085,5,0.099,-7.084,1,0.0382,0.47932400000000003,4,0.122,233000,32
6.741e-05,0.1722,0.654,0.192,0,0.0262,-6.708,1,0.045,0.468532,4,0.0828,388720,23
0.013229999999999999,0.1617,0.489,0.219,8,0.0426,-14.196,1,0.0513,0.47986,4,0.108,216363,40
0.00994,0.24569999999999997,0.707,0.108,8,0.0204,-10.016,1,0.0789,0.351332,4,0.122,188454,21
0.0203,0.1064,0.671,0.132,6,0.0208,-6.903,1,0.0524,0.338212,4,0.037,558884,36
0.0532,0.2282,0.682,0.1655,8,0.021,-6.629,1,0.0413,0.529128,4,0.0391,538960,0
0.025199999999999997,0.1085,0.75,0.1845,5,0.10120000000000001,-8.641,1,0.0875,0.30816000000000004,4,0.0965,306160,24
