acousticness,danceability,energy,instrumentalness,key,liveness,loudness,mode,speechiness,tempo,time_signature,valence,duration_ms,popularity
0.294,0.3269,0.617,0.362,2,0.027400000000000004,-13.997,1,0.0404,0.387512,4,0.554,308533,44
0.33459999999999995,0.30169999999999997,0.671,0.4335,4,0.022400000000000003,-14.832,0,0.0416,0.522432,5,0.594,182947,33
