acousticness,danceability,energy,instrumentalness,key,liveness,loudness,mode,speechiness,tempo,time_signature,valence,duration_ms,popularity
0.03108,0.3871,0.285,0.003805,4,0.0204,-14.672,0,0.0359,0.29632,4,0.08,452800,30
0.02933,0.4627,0.336,0.174,9,0.01628,-9.158,0,0.0285,0.520528,4,0.252,228923,36
0.1442,0.4508,0.349,1.68e-05,2,0.025,-5.315,0,0.0364,0.379884,4,0.246,198947,63
0.0791,0.34159999999999996,0.268,0.108,0,0.023000000000000003,-8.918,1,0.031,0.49225599999999997,5,0.208,165433,0
0.0707,0.31779999999999997,0.354,2.515e-06,2,0.026600000000000002,-10.115,1,0.166,0.314692,4,0.149,208875,51
0.04298,0.3185,0.29,0.001125,0,0.020200000000000003,-11.473,1,0.0288,0.35409199999999996,4,0.169,302907,55
0.08399999999999999,0.5327,0.263,0.1195,0,0.01992,-14.762,0,0.0473,0.431964,4,0.315,305777,62
0.10149999999999999,0.2996,0.42,0.136,4,0.0696,-12.871,0,0.0355,0.34806400000000004,4,0.107,420792,35
0.0052569999999999995,0.3766,0.319,0.02445,10,0.016,-9.339,1,0.0278,0.392872,4,0.292,166413,1
