acousticness,danceability,energy,instrumentalness,key,liveness,loudness,mode,speechiness,tempo,time_signature,valence,duration_ms,popularity
0.1309,0.238,0.414,0.361,5,0.0244,-13.94,1,0.0325,0.46702,4,0.0356,391316,33
0.14839999999999998,0.1379,0.46,0.3595,2,0.01934,-8.914,0,0.0332,0.325296,4,0.112,593867,20
0.0406,0.26039999999999996,0.232,0.3145,11,0.022400000000000003,-14.246,0,0.0423,0.503192,4,0.0924,589107,53
0.05613999999999999,0.2681,0.256,0.3175,0,0.024800000000000003,-15.378,1,0.0749,0.345196,4,0.17,678673,0
0.004907,0.189,0.369,0.392,5,0.04680000000000001,-13.129,1,0.0323,0.346468,3,0.0795,259293,31
