acousticness,danceability,energy,instrumentalness,key,liveness,loudness,mode,speechiness,tempo,time_signature,valence,duration_ms,popularity
0.5201,0.5816999999999999,0.785,0.4465,9,0.010860000000000002,-5.112,1,0.0457,0.39026,4,0.918,153111,35
0.5095999999999999,0.4669,0.8,0.4495,4,0.01628,-9.024,1,0.0432,0.457168,4,0.929,185773,31
0.5802999999999999,0.5054,0.88,0.4365,0,0.019520000000000003,-6.438,0,0.0364,0.479968,4,0.973,197895,17
0.4718,0.5046999999999999,0.871,0.4085,6,0.010660000000000001,-0.419,0,0.0996,0.44746800000000003,4,0.859,126490,1
0.3871,0.5425,0.983,0.403,7,0.0478,-6.287,1,0.0996,0.48004,4,0.987,38922,25
