acousticness,danceability,energy,instrumentalness,key,liveness,loudness,mode,speechiness,tempo,time_signature,valence,duration_ms,popularity
0.01232,0.5844999999999999,0.471,0.1515,1,0.0218,-11.924,0,0.121,0.488044,4,0.865,272698,40
0.09939999999999999,0.4396,0.455,0.3465,7,0.027000000000000003,-12.436,1,0.0427,0.40836,4,0.858,318373,18
0.0168,0.49979999999999997,0.482,0.234,5,0.0422,-9.86,0,0.0341,0.665548,4,0.972,127184,48
0.003633,0.48439999999999994,0.367,0.184,0,0.0322,-12.503,1,0.0308,0.317392,4,0.854,471400,30
