acousticness,danceability,energy,instrumentalness,key,liveness,loudness,mode,speechiness,tempo,time_signature,valence,duration_ms,popularity
0.2975,0.4375,0.266,0.0001115,5,0.013819999999999999,-16.383,0,0.161,0.44845999999999997,4,0.761,140531,38
0.33949999999999997,0.42139999999999994,0.226,0.0,9,0.08660000000000001,-15.12,0,0.0752,0.44218799999999997,4,0.779,243834,40
