acousticness,danceability,energy,instrumentalness,key,liveness,loudness,mode,speechiness,tempo,time_signature,valence,duration_ms,popularity
0.1834,0.4396,0.479,0.002325,0,0.0716,-9.2,1,0.142,0.319728,4,0.101,184088,50
0.31429999999999997,0.3787,0.495,0.0965,2,0.049,-9.931,1,0.031,0.42,4,0.039,277220,41
0.2352,0.3059,0.452,0.1965,5,0.0242,-9.786,1,0.0272,0.359204,3,0.188,275080,43
0.33599999999999997,0.3675,0.573,5.85e-05,9,0.06380000000000001,-8.454,1,0.03,0.439308,4,0.0602,227162,36
0.1792,0.32899999999999996,0.479,0.0126,9,0.0358,-9.477,1,0.0275,0.2881,4,0.103,329600,48
0.1624,0.392,0.459,0.0,4,0.019100000000000002,-8.844,1,0.0368,0.28792399999999996,4,0.11,261640,49
0.2135,0.2758,0.598,6.1e-07,1,0.1394,-6.537,0,0.0351,0.501668,4,0.134,128869,34
0.2828,0.3234,0.612,0.0016,6,0.0282,-9.481,1,0.029,0.5017,4,0.0698,221213,32
0.1897,0.27999999999999997,0.428,1.925e-05,2,0.068,-10.896,0,0.0898,0.318096,4,0.0657,353627,43
