acousticness,danceability,energy,instrumentalness,key,liveness,loudness,mode,speechiness,tempo,time_signature,valence,duration_ms,popularity
0.5438999999999999,0.41019999999999995,0.247,0.0,2,0.028000000000000004,-11.26,0,0.399,0.302164,4,0.0568,142800,39
0.6922999999999999,0.39969999999999994,0.0391,0.002785,4,0.0566,-22.12,1,0.345,0.260412,4,0.261,179680,1
