acousticness,danceability,energy,instrumentalness,key,liveness,loudness,mode,speechiness,tempo,time_signature,valence,duration_ms,popularity
0.2884,0.49629999999999996,0.669,0.4045,5,0.027200000000000002,-12.63,1,0.0835,0.660036,4,0.176,254364,43
0.4885999999999999,0.3171,0.689,0.4445,5,0.018160000000000003,-7.137,0,0.0303,0.640044,4,0.201,402573,44
0.33039999999999997,0.3773,0.612,0.4045,2,0.020200000000000003,-10.654,0,0.0433,0.68002,4,0.0541,256026,34
0.3199,0.26389999999999997,0.676,0.442,11,0.0212,-9.913,0,0.0474,0.508792,4,0.149,475500,0
0.3255,0.3024,0.665,0.4445,1,0.046400000000000004,-15.15,1,0.0406,0.640908,3,0.164,203173,40
