acousticness,danceability,energy,instrumentalness,key,liveness,loudness,mode,speechiness,tempo,time_signature,valence,duration_ms,popularity
0.6776,0.4347,0.389,0.0,5,0.134,-16.501,0,0.935,0.539908,3,0.454,1332481,8
0.6776,0.4578,0.417,1e-05,6,0.1748,-20.251,1,0.926,0.5442359999999999,5,0.565,292326,20
0.6867,0.4564,0.245,0.0,1,0.027800000000000005,-14.091,1,0.949,0.321544,5,0.54,353913,20
0.6922999999999999,0.4774,0.358,2.8e-06,8,0.18420000000000003,-15.943,1,0.945,0.5702079999999999,3,0.511,407507,2
0.6545,0.3773,0.298,0.0,3,0.062400000000000004,-20.552,1,0.948,0.29704,3,0.415,1186012,9
