acousticness,danceability,energy,instrumentalness,key,liveness,loudness,mode,speechiness,tempo,time_signature,valence,duration_ms,popularity
0.3248,0.44589999999999996,0.612,0.4345,7,0.0466,-9.471,1,0.0322,0.479292,4,0.903,151360,25
0.3276,0.5124,0.564,0.421,0,0.022000000000000002,-11.719,1,0.0878,0.420104,3,0.815,334720,28
0.40529999999999994,0.3423,0.689,0.391,7,0.0244,-9.526,1,0.0401,0.46750400000000003,4,0.837,204773,21
0.434,0.42,0.587,0.45,9,0.0432,-6.992,0,0.0527,0.448112,4,0.88,124530,20
0.3458,0.5992,0.565,0.238,8,0.015359999999999999,-10.361,0,0.14,0.376172,4,0.925,219600,48
0.24289999999999998,0.5131,0.589,0.3635,8,0.0218,-7.117,1,0.043,0.485396,4,0.835,195652,43
0.2394,0.2128,0.65,0.456,9,0.0608,-7.879,0,0.0395,0.29942799999999997,4,0.922,149173,35
0.31779999999999997,0.6083,0.693,0.4225,8,0.01386,-9.573,1,0.0599,0.431908,4,0.841,225403,15
0.3836,0.5704999999999999,0.513,0.372,5,0.00904,-8.714,1,0.0689,0.37572000000000005,4,0.963,150387,18
