acousticness,danceability,energy,instrumentalness,key,liveness,loudness,mode,speechiness,tempo,time_signature,valence,duration_ms,popularity
0.6468,0.5298999999999999,0.465,0.4625,5,0.054000000000000006,-9.553,0,0.0415,0.37718,4,0.937,159307,28
0.6446999999999999,0.4613,0.314,0.422,5,0.047,-15.78,1,0.0563,0.366332,4,0.945,188000,3
0.6621999999999999,0.4920999999999999,0.422,0.4375,10,0.038400000000000004,-12.165,1,0.225,0.389932,4,0.927,164947,26
0.6719999999999999,0.48649999999999993,0.332,0.4485,0,0.05380000000000001,-11.74,1,0.174,0.434752,4,0.865,175773,3
