acousticness,danceability,energy,instrumentalness,key,liveness,loudness,mode,speechiness,tempo,time_signature,valence,duration_ms,popularity
0.35769999999999996,0.48929999999999996,0.432,0.0,9,0.19440000000000002,-19.998,1,0.938,0.42754000000000003,1,0.526,278586,14
0.3899,0.5459999999999999,0.307,0.0,4,0.027400000000000004,-23.671,1,0.955,0.30424,5,0.637,67307,38
0.3899,0.5075,0.436,0.0,2,0.11160000000000002,-12.894,1,0.924,0.48974,5,0.413,219109,14
0.27999999999999997,0.4788,0.311,0.0,0,0.017660000000000002,-18.303,1,0.935,0.45539999999999997,4,0.567,444278,36
0.4669,0.48229999999999995,0.352,0.0,1,0.07440000000000001,-13.373,1,0.944,0.34187599999999996,4,0.545,303653,0
