acousticness,danceability,energy,instrumentalness,key,liveness,loudness,mode,speechiness,tempo,time_signature,valence,duration_ms,popularity
0.29259999999999997,0.4326,0.332,2.505e-05,2,0.0077,-12.038,1,0.036,0.340028,4,0.535,207353,41
0.1729,0.4697,0.346,0.0,2,0.013760000000000001,-13.268,0,0.0306,0.388232,4,0.692,241040,25
0.2814,0.434,0.355,0.003095,5,0.011700000000000002,-14.081,0,0.0398,0.33672399999999997,4,0.659,261960,43
0.22119999999999998,0.4871999999999999,0.237,0.0085,2,0.040400000000000005,-12.416,1,0.033,0.38792000000000004,4,0.688,158574,33
0.27649999999999997,0.4606,0.353,0.0,9,0.01794,-12.79,1,0.025,0.38456,4,0.555,366425,33
0.24289999999999998,0.4920999999999999,0.275,0.00317,6,0.0206,-17.29,0,0.0322,0.24,4,0.472,261178,37
0.30029999999999996,0.49699999999999994,0.316,0.0001675,10,0.01578,-9.513,1,0.0663,0.32563200000000003,4,0.655,170012,50
0.287,0.39619999999999994,0.269,0.0326,3,0.01998,-11.184,0,0.0882,0.291736,4,0.53,145468,59
0.1323,0.3318,0.357,8.95e-06,6,0.01668,-11.778,0,0.054,0.359888,3,0.739,201480,17
