acousticness,danceability,energy,instrumentalness,key,liveness,loudness,mode,speechiness,tempo,time_signature,valence,duration_ms,popularity
0.5823999999999999,0.294,0.701,0.0,1,0.0206,-7.582,0,0.339,0.318864,4,0.671,349040,67
0.5558,0.3339,0.816,0.0001185,7,0.020200000000000003,-5.643,0,0.337,0.411524,4,0.695,345733,11
0.6139,0.4473,0.567,0.000925,6,0.020000000000000004,-8.942,1,0.328,0.37602800000000003,4,0.75,285040,49
0.5872999999999999,0.39969999999999994,0.694,1.09e-05,5,0.033,-5.697,0,0.165,0.388552,4,0.785,170227,71
