acousticness,danceability,energy,instrumentalness,key,liveness,loudness,mode,speechiness,tempo,time_signature,valence,duration_ms,popularity
0.5579,0.40879999999999994,0.443,0.2815,7,0.0208,-7.073,1,0.0295,0.639636,4,0.0398,315013,6
0.5018999999999999,0.34509999999999996,0.478,0.3565,10,0.05600000000000001,-8.133,1,0.0284,0.499184,4,0.101,560840,35
