acousticness,danceability,energy,instrumentalness,key,liveness,loudness,mode,speechiness,tempo,time_signature,valence,duration_ms,popularity
0.33669999999999994,0.3885,0.43,0.247,0,0.0318,-9.798,0,0.0661,0.376788,4,0.693,176320,29
0.20439999999999997,0.5158999999999999,0.607,0.2645,1,0.016560000000000002,-9.681,1,0.0797,0.50188,4,0.705,207632,10
0.39479999999999993,0.49839999999999995,0.718,0.224,6,0.050800000000000005,-6.119,0,0.0292,0.376096,4,0.637,315000,23
0.4683,0.42979999999999996,0.584,0.244,0,0.0456,-11.114,1,0.0389,0.320108,4,0.679,549133,32
0.2359,0.4662,0.547,0.2945,0,0.027200000000000002,-6.322,1,0.0418,0.48802,4,0.726,197467,12
