acousticness,danceability,energy,instrumentalness,key,liveness,loudness,mode,speechiness,tempo,time_signature,valence,duration_ms,popularity
0.2702,0.4781,0.511,0.398,9,0.0398,-10.681,1,0.0478,0.616088,4,0.577,236910,46
0.26249999999999996,0.4725,0.615,0.434,8,0.028000000000000004,-4.811,0,0.0471,0.45866,4,0.453,277280,12
0.23099999999999998,0.6139,0.507,0.4425,10,0.0208,-8.962,0,0.0525,0.47188,4,0.516,198947,53
0.2835,0.4739,0.651,0.3475,2,0.024,-10.42,1,0.0438,0.36048,4,0.453,243333,32
0.315,0.5719,0.616,0.4485,0,0.01784,-8.531,0,0.0343,0.5721280000000001,4,0.336,246375,7
0.2779,0.4361,0.535,0.387,4,0.023400000000000004,-9.874,1,0.0252,0.435948,4,0.502,382733,39
