acousticness,danceability,energy,instrumentalness,key,liveness,loudness,mode,speechiness,tempo,time_signature,valence,duration_ms,popularity
0.021979999999999996,0.49909999999999993,0.597,0.0,6,0.00696,-10.741,0,0.37,0.678584,5,0.803,265533,56
0.161,0.5698,0.603,0.0,1,0.01412,-9.346,0,0.362,0.5731240000000001,4,0.784,176224,54
0.006881,0.5823999999999999,0.656,0.0,3,0.00948,-6.49,1,0.3,0.704028,4,0.805,220254,9
0.01554,0.41929999999999995,0.516,1.215e-06,4,0.01296,-6.935,0,0.31,0.727996,4,0.708,220227,55
0.11059999999999999,0.40109999999999996,0.704,0.001485,9,0.0262,-4.933,1,0.237,0.687708,4,0.654,252893,20
0.10569999999999999,0.5313,0.538,0.0,8,0.0252,-8.256,0,0.384,0.5877319999999999,4,0.831,184490,77
0.04221,0.5781999999999999,0.536,2.395e-06,0,0.013680000000000001,-8.831,0,0.367,0.679528,4,0.741,164708,32
0.05166,0.5152,0.572,0.0,1,0.0296,-5.526,1,0.395,0.549972,4,0.735,260267,11
