acousticness,danceability,energy,instrumentalness,key,liveness,loudness,mode,speechiness,tempo,time_signature,valence,duration_ms,popularity
0.3857,0.2282,0.787,0.29,4,0.0654,-3.006,0,0.0317,0.35412400000000005,4,0.775,129400,9
0.39409999999999995,0.40669999999999995,0.744,0.2485,0,0.0436,-2.565,1,0.0554,0.406492,4,0.805,186723,32
