acousticness,danceability,energy,instrumentalness,key,liveness,loudness,mode,speechiness,tempo,time_signature,valence,duration_ms,popularity
0.3045,0.4522,0.636,0.4115,11,0.014260000000000002,-10.79,0,0.286,0.6633519999999999,4,0.614,429257,16
0.4003999999999999,0.4753,0.557,0.4425,4,0.013020000000000002,-12.271,0,0.38,0.552048,4,0.506,375652,5
0.14909999999999998,0.5558,0.711,0.314,6,0.018060000000000003,-7.206,0,0.214,0.6802440000000001,4,0.603,142588,59
