acousticness,danceability,energy,instrumentalness,key,liveness,loudness,mode,speechiness,tempo,time_signature,valence,duration_ms,popularity
0.6517,0.12459999999999999,0.392,0.431,7,0.01674,-14.296,1,0.0469,0.326,4,0.222,173479,13
0.6873999999999999,0.1372,0.445,0.477,9,0.1394,-17.28,0,0.0945,0.358564,1,0.154,178240,42
