acousticness,danceability,energy,instrumentalness,key,liveness,loudness,mode,speechiness,tempo,time_signature,valence,duration_ms,popularity
0.6733999999999999,0.3129,0.536,0.4645,10,0.0664,-10.503,0,0.078,0.49756,4,0.78,202373,5
0.6782999999999999,0.3675,0.426,0.4695,3,0.017,-11.804,1,0.105,0.418496,4,0.843,420293,9
0.5018999999999999,0.5116999999999999,0.371,0.4245,9,0.01832,-9.385,1,0.0318,0.41594400000000004,3,0.753,188627,44
0.6096999999999999,0.4361,0.324,0.4005,3,0.0388,-11.883,1,0.0448,0.46958,4,0.97,171627,20
0.6545,0.3458,0.38,0.449,2,0.01938,-14.571,0,0.0349,0.581176,4,0.962,156600,17
0.6026999999999999,0.2744,0.391,0.465,9,0.1428,-19.699,1,0.0357,0.497616,4,0.935,169123,31
0.6419,0.3479,0.415,0.454,8,0.0422,-14.459,1,0.0384,0.47523200000000004,4,0.879,217546,36
0.6236999999999999,0.48929999999999996,0.338,0.467,10,0.013500000000000002,-13.918,1,0.0333,0.46514,4,0.88,147200,23
0.6797,0.39969999999999994,0.42,0.3625,7,0.0216,-17.796,1,0.0327,0.567132,4,0.697,310040,31
