acousticness,danceability,energy,instrumentalness,key,liveness,loudness,mode,speechiness,tempo,time_signature,valence,duration_ms,popularity
0.24149999999999996,0.33669999999999994,0.326,0.4795,5,0.01846,-16.678,1,0.0311,0.498064,3,0.386,349400,37
0.1918,0.36819999999999997,0.378,0.442,7,0.00996,-14.554,1,0.0655,0.321368,4,0.395,251653,36
