acousticness,danceability,energy,instrumentalness,key,liveness,loudness,mode,speechiness,tempo,time_signature,valence,duration_ms,popularity
0.616,0.17709999999999998,0.361,0.324,11,0.01608,-15.313,0,0.0454,0.325924,4,0.354,767360,15
0.5453,0.40879999999999994,0.339,0.4395,11,0.01728,-11.25,0,0.079,0.5163840000000001,4,0.275,296853,44
0.6419,0.34159999999999996,0.294,0.4205,6,0.01752,-14.717,0,0.0261,0.306588,3,0.26,273027,38
0.6363,0.4711,0.447,0.4665,2,0.01148,-13.862,1,0.0318,0.495996,4,0.19,319760,39
0.6621999999999999,0.3563,0.393,0.441,5,0.019880000000000002,-14.039,0,0.029,0.3202,4,0.271,336640,29
0.6314,0.36469999999999997,0.369,0.455,3,0.0204,-9.621,0,0.124,0.320124,4,0.413,210524,27
0.6712999999999999,0.259,0.398,0.4525,6,0.026800000000000004,-11.705,0,0.0337,0.45944,4,0.27,675395,35
0.5732999999999999,0.41789999999999994,0.438,0.4695,3,0.016900000000000002,-13.543,0,0.0788,0.435684,4,0.25,184520,19
0.6194999999999999,0.1932,0.401,0.411,0,0.0704,-11.568,0,0.0341,0.36929199999999995,4,0.345,372360,2
