acousticness,danceability,energy,instrumentalness,key,liveness,loudness,mode,speechiness,tempo,time_signature,valence,duration_ms,popularity
0.25339999999999996,0.5025999999999999,0.79,0.0,9,0.019960000000000002,-5.769,0,0.271,0.40592399999999995,4,0.101,198255,27
0.0749,0.4920999999999999,0.806,0.0,2,0.026800000000000004,-6.415,1,0.153,0.379916,4,0.279,214757,48
0.06677999999999999,0.41929999999999995,0.897,5.7e-07,1,0.0592,-3.996,1,0.266,0.3499,4,0.235,293414,5
0.24639999999999998,0.4795,0.958,1.23e-05,1,0.0584,-1.31,0,0.131,0.321052,4,0.311,124382,55
0.2709,0.5544,0.81,6.95e-05,5,0.020200000000000003,-5.578,1,0.0735,0.37604000000000004,4,0.154,193250,32
0.03997,0.40809999999999996,0.748,0.0,6,0.038400000000000004,-9.601,0,0.29,0.383056,4,0.0383,314133,42
0.06838999999999999,0.3626,0.863,4.775e-06,1,0.0582,-5.022,1,0.311,0.35483600000000004,4,0.29,174089,20
