acousticness,danceability,energy,instrumentalness,key,liveness,loudness,mode,speechiness,tempo,time_signature,valence,duration_ms,popularity
0.017009999999999997,0.3899,0.836,0.206,7,0.01392,-9.46,1,0.115,0.679652,4,0.335,225882,32
0.00023519999999999997,0.3423,0.88,0.2745,6,0.1172,-6.791,1,0.0795,0.6998880000000001,4,0.331,491447,22
1.995e-05,0.29469999999999996,0.966,0.2315,1,0.0664,-5.079,0,0.144,0.792096,3,0.179,285733,8
0.02625,0.3353,0.951,0.1885,10,0.1034,-2.115,0,0.12,0.695332,4,0.381,212213,24
