acousticness,danceability,energy,instrumentalness,key,liveness,loudness,mode,speechiness,tempo,time_signature,valence,duration_ms,popularity
0.5067999999999999,0.4501,0.436,0.2295,1,0.022000000000000002,-12.245,1,0.0273,0.36594,4,0.422,200800,52
0.644,0.3968999999999999,0.49,0.1355,0,0.0238,-15.65,1,0.0424,0.45968000000000003,4,0.493,200000,3
0.6306999999999999,0.3206,0.45,0.1975,4,0.0704,-10.122,1,0.0334,0.454036,4,0.479,224302,45
0.5215,0.30169999999999997,0.545,0.2155,4,0.061,-8.305,0,0.0408,0.452972,3,0.353,345533,33
0.5711999999999999,0.35419999999999996,0.565,0.238,2,0.01174,-11.003,1,0.0521,0.4002,4,0.486,239000,39
