acousticness,danceability,energy,instrumentalness,key,liveness,loudness,mode,speechiness,tempo,time_signature,valence,duration_ms,popularity
0.4431,0.5194,0.576,0.0,3,0.01906,-6.539,0,0.291,0.641044,4,0.555,198750,50
0.4375,0.42139999999999994,0.532,9.15e-05,11,0.023000000000000003,-8.213,0,0.195,0.7440800000000001,4,0.481,194862,41
