acousticness,danceability,energy,instrumentalness,key,liveness,loudness,mode,speechiness,tempo,time_signature,valence,duration_ms,popularity
0.29679999999999995,0.4606,0.607,0.0,1,0.05380000000000001,-8.486,0,0.76,0.338656,4,0.773,111867,46
0.45289999999999997,0.40879999999999994,0.563,0.0,2,0.1164,-11.427,0,0.519,0.508452,3,0.707,402533,22
