acousticness,danceability,energy,instrumentalness,key,liveness,loudness,mode,speechiness,tempo,time_signature,valence,duration_ms,popularity
0.5467,0.4396,0.872,0.0,11,0.1504,-7.556,0,0.922,0.322988,4,0.497,176625,14
0.6503,0.42,0.768,0.0,7,0.08700000000000001,-10.236,0,0.946,0.346144,3,0.43,306432,39
0.5725999999999999,0.45289999999999997,0.667,0.0,4,0.1236,-2.755,1,0.855,0.361984,4,0.541,251920,17
0.5523,0.35769999999999996,0.871,0.0,11,0.1378,-8.299,1,0.924,0.4133,3,0.344,197587,28
