acousticness,danceability,energy,instrumentalness,key,liveness,loudness,mode,speechiness,tempo,time_signature,valence,duration_ms,popularity
0.4732,0.45289999999999997,0.194,0.0,10,0.0586,-22.084,0,0.918,0.34568,3,0.336,295367,30
0.392,0.43119999999999997,0.118,0.0,9,0.01196,-22.115,0,0.949,0.259564,4,0.373,641160,19
0.6810999999999999,0.504,0.0663,1.31e-06,0,0.0346,-22.771,1,0.913,0.40578,4,0.242,509680,15
0.5488,0.45849999999999996,0.369,0.0,7,0.01482,-19.232,0,0.947,0.335372,3,0.302,1346067,4
