acousticness,danceability,energy,instrumentalness,key,liveness,loudness,mode,speechiness,tempo,time_signature,valence,duration_ms,popularity
0.2709,0.48789999999999994,0.681,0.232,2,0.0206,-6.245,1,0.0297,0.479768,4,0.331,286113,21
0.1162,0.4732,0.637,0.3215,2,0.023400000000000004,-10.942,0,0.0276,0.487976,4,0.329,216639,33
0.05733,0.5901,0.716,0.218,8,0.073,-4.109,1,0.0566,0.399968,4,0.406,312081,17
0.005404,0.5033,0.654,0.314,9,0.019880000000000002,-8.356,1,0.0542,0.5122599999999999,3,0.286,142529,48
0.013229999999999999,0.5277999999999999,0.619,0.2905,2,0.017060000000000002,-8.63,1,0.029,0.480008,4,0.269,340770,39
0.119,0.5033,0.613,0.312,2,0.019520000000000003,-10.157,1,0.104,0.388044,4,0.402,396080,19
