acousticness,danceability,energy,instrumentalness,key,liveness,loudness,mode,speechiness,tempo,time_signature,valence,duration_ms,popularity
0.0784,0.5656,0.676,0.449,1,0.061200000000000004,-5.383,1,0.041,0.40008,4,0.958,225066,30
0.20159999999999997,0.42279999999999995,0.67,0.4045,4,0.0408,-8.47,1,0.0333,0.50764,4,0.963,158667,44
0.03129,0.5194,0.561,0.386,0,0.01498,-12.088,1,0.0376,0.435596,4,0.924,340133,31
0.12739999999999999,0.3206,0.743,0.476,4,0.0172,-5.651,1,0.0394,0.413736,4,0.954,145640,27
0.10219999999999999,0.3339,0.578,0.474,2,0.0368,-13.668,1,0.0341,0.489088,4,0.963,175373,31
0.21,0.3822,0.738,0.4545,1,0.06380000000000001,-12.002,0,0.0351,0.48525999999999997,4,0.961,223560,46
0.2261,0.6215999999999999,0.67,0.382,0,0.0158,-7.997,1,0.0418,0.458988,4,0.962,249000,29
0.05851999999999999,0.5649,0.601,0.338,9,0.01502,-11.098,1,0.0922,0.407028,4,0.967,173747,10
0.2345,0.6062,0.695,0.442,8,0.0252,-7.347,1,0.0357,0.46812400000000004,4,0.899,211160,2
