acousticness,danceability,energy,instrumentalness,key,liveness,loudness,mode,speechiness,tempo,time_signature,valence,duration_ms,popularity
0.00021559999999999998,0.1582,0.588,0.458,8,0.009640000000000001,-9.445,0,0.075,0.435424,5,0.0629,298258,10
4.7810000000000005e-05,0.1414,0.579,0.449,7,0.0474,-8.015,1,0.0338,0.455372,4,0.143,512011,36
2.9609999999999996e-05,0.2688,0.602,0.455,7,0.022000000000000002,-8.149,0,0.0453,0.48004399999999997,4,0.14,437533,21
0.0009659999999999998,0.0721,0.676,0.3,4,0.015160000000000002,-8.809,0,0.0478,0.360544,4,0.0338,290952,20
0.00043119999999999996,0.29679999999999995,0.619,0.346,9,0.01446,-13.143,1,0.0538,0.499888,4,0.0696,314987,1
0.0002758,0.2772,0.73,0.4105,0,0.0342,-7.495,1,0.0318,0.548424,4,0.107,252267,52
0.0005985,0.20229999999999998,0.64,0.441,9,0.0222,-7.622,1,0.0469,0.51122,4,0.114,294336,38
0.0002583,0.1834,0.617,0.3745,2,0.0848,-8.005,0,0.0353,0.520324,4,0.0604,467427,31
0.004186,0.15259999999999999,0.561,0.428,2,0.013500000000000002,-6.578,1,0.0324,0.49841199999999997,4,0.0395,397120,40
