acousticness,danceability,energy,instrumentalness,key,liveness,loudness,mode,speechiness,tempo,time_signature,valence,duration_ms,popularity
0.5243,0.4291,0.803,0.0,5,0.1464,-8.572,0,0.894,0.537512,5,0.513,148000,25
0.6005999999999999,0.3934,0.763,0.0,2,0.1928,-12.473,0,0.933,0.526092,1,0.457,165067,28
0.6236999999999999,0.43189999999999995,0.579,0.0,9,0.145,-9.413,1,0.941,0.405176,4,0.453,236434,6
