acousticness,danceability,energy,instrumentalness,key,liveness,loudness,mode,speechiness,tempo,time_signature,valence,duration_ms,popularity
0.2807,0.24569999999999997,0.159,0.4775,1,0.01922,-13.163,1,0.0349,0.440244,4,0.126,364987,42
0.34159999999999996,0.1141,0.228,0.4525,6,0.0194,-22.692,1,0.0444,0.547732,4,0.0269,393440,33
0.20929999999999999,0.1351,0.233,0.4345,8,0.017240000000000002,-10.161,1,0.0341,0.400812,4,0.123,289553,45
0.32899999999999996,0.19879999999999998,0.347,0.4,0,0.0212,-13.09,1,0.0346,0.509904,4,0.0318,368421,16
0.25339999999999996,0.20719999999999997,0.182,0.439,0,0.01598,-21.591,1,0.0534,0.525756,4,0.114,129644,3
0.42139999999999994,0.2268,0.263,0.4595,2,0.03,-12.394,1,0.0322,0.388832,3,0.118,379759,42
0.2653,0.16799999999999998,0.195,0.4215,7,0.08000000000000002,-13.121,0,0.0356,0.497532,4,0.121,193533,36
0.4396,0.1141,0.218,0.425,0,0.013940000000000001,-24.982,0,0.0377,0.5459160000000001,4,0.0494,336693,23
