acousticness,danceability,energy,instrumentalness,key,liveness,loudness,mode,speechiness,tempo,time_signature,valence,duration_ms,popularity
0.6873999999999999,0.294,0.85,0.493,0,0.0908,-11.305,0,0.08,0.6435919999999999,4,0.0689,125312,33
0.6846,0.21769999999999998,0.729,0.4205,5,0.027200000000000002,-20.585,0,0.0766,0.5318039999999999,4,0.037,139707,2
0.42979999999999996,0.4305,0.689,0.397,2,0.01984,-11.154,0,0.0302,0.43416000000000005,4,0.0381,398604,24
