acousticness,danceability,energy,instrumentalness,key,liveness,loudness,mode,speechiness,tempo,time_signature,valence,duration_ms,popularity
0.1624,0.3906,0.208,7.7e-05,9,0.0222,-16.387,0,0.07,0.383952,4,0.142,219937,28
0.2772,0.2373,0.208,0.0002595,0,0.036,-16.725,1,0.0308,0.39416,3,0.288,218013,71
0.28979999999999995,0.1393,0.161,0.0,7,0.0246,-19.694,1,0.0356,0.5815,3,0.149,139267,44
0.2786,0.2562,0.244,2.82e-05,9,0.017660000000000002,-10.218,0,0.0298,0.472356,4,0.0568,278213,10
0.2226,0.24429999999999996,0.218,0.0665,2,0.01156,-18.531,1,0.0476,0.5019,4,0.105,406827,4
0.33109999999999995,0.2317,0.246,0.002175,2,0.048600000000000004,-12.878,0,0.0384,0.30212,3,0.0903,351467,29
