acousticness,danceability,energy,instrumentalness,key,liveness,loudness,mode,speechiness,tempo,time_signature,valence,duration_ms,popularity
0.6888,0.26249999999999996,0.121,0.4355,0,0.019680000000000003,-23.44,1,0.0406,0.589592,4,0.453,424307,15
0.6524,0.20789999999999997,0.198,0.439,0,0.025,-20.15,1,0.0296,0.607052,4,0.44,288467,26
0.693,0.2716,0.0771,0.46,6,0.0185,-21.488,1,0.049,0.65204,5,0.349,140733,19
0.6958,0.34509999999999996,0.00306,0.4365,2,0.018060000000000003,-30.602,1,0.177,0.6733920000000001,1,0.499,182320,44
0.6803999999999999,0.17779999999999999,0.0355,0.4625,5,0.01848,-33.558,1,0.0513,0.694152,3,0.632,282733,32
0.6958,0.2065,0.00839,0.334,10,0.0238,-28.111,0,0.0697,0.686416,3,0.407,123293,32
0.6593999999999999,0.2233,0.156,0.468,4,0.020200000000000003,-14.468,1,0.0389,0.727872,3,0.35,474671,46
