acousticness,danceability,energy,instrumentalness,key,liveness,loudness,mode,speechiness,tempo,time_signature,valence,duration_ms,popularity
0.44589999999999996,0.41859999999999997,0.462,0.176,1,0.018420000000000002,-15.1,1,0.0278,0.546928,4,0.276,241400,44
0.49839999999999995,0.2394,0.28,0.2075,9,0.01972,-13.423,0,0.0337,0.337372,4,0.25,250328,44
0.5088999999999999,0.35559999999999997,0.341,0.278,4,0.032600000000000004,-7.035,1,0.0293,0.527892,4,0.314,167427,9
0.2632,0.24359999999999996,0.437,0.254,5,0.025800000000000003,-11.204,1,0.0442,0.517076,4,0.276,215227,40
0.5075,0.3968999999999999,0.27,0.2225,6,0.021400000000000002,-14.42,1,0.0295,0.557592,4,0.407,261800,16
0.42139999999999994,0.2331,0.445,0.247,7,0.01566,-12.612,0,0.0335,0.524408,3,0.352,514413,37
0.4711,0.3157,0.398,0.1965,7,0.024800000000000003,-12.875,1,0.03,0.539192,4,0.252,211914,2
