acousticness,danceability,energy,instrumentalness,key,liveness,loudness,mode,speechiness,tempo,time_signature,valence,duration_ms,popularity
0.6033999999999999,0.3815,0.215,0.48,7,0.0316,-16.238,1,0.0856,0.667704,4,0.632,180613,5
0.6285999999999999,0.5264,0.262,0.461,3,0.0228,-15.673,0,0.0714,0.680564,4,0.445,296270,33
