acousticness,danceability,energy,instrumentalness,key,liveness,loudness,mode,speechiness,tempo,time_signature,valence,duration_ms,popularity
0.21839999999999998,0.6314,0.494,0.0,9,0.0244,-9.962,1,0.391,0.5717920000000001,4,0.503,196162,45
0.1876,0.48299999999999993,0.486,1.89e-05,5,0.026600000000000002,-8.967,0,0.154,0.6799120000000001,4,0.605,207935,30
0.2919,0.5355,0.47,2.165e-05,8,0.01896,-7.74,1,0.356,0.6387999999999999,4,0.721,190097,52
0.2709,0.5768,0.427,0.0,9,0.0183,-8.314,0,0.182,0.592032,4,0.566,143020,51
0.1785,0.6062,0.473,5.85e-06,8,0.01598,-7.171,1,0.245,0.620228,4,0.728,173435,44
0.294,0.5319999999999999,0.572,6.2e-06,11,0.0262,-5.8,0,0.358,0.71258,4,0.712,156000,74
0.3045,0.5893999999999999,0.537,0.0,7,0.023400000000000004,-9.257,1,0.337,0.567932,4,0.574,163494,49
