acousticness,danceability,energy,instrumentalness,key,liveness,loudness,mode,speechiness,tempo,time_signature,valence,duration_ms,popularity
0.39619999999999994,0.33599999999999997,0.428,0.0,1,0.0366,-11.551,1,0.063,0.5802759999999999,4,0.924,152493,34
0.5865999999999999,0.33949999999999997,0.376,2.375e-05,1,0.054000000000000006,-10.521,1,0.0315,0.64478,4,0.867,141040,42
0.4871999999999999,0.34719999999999995,0.468,0.0,4,0.0236,-9.815,0,0.0401,0.637608,3,0.755,216973,41
0.4599,0.49839999999999995,0.507,0.0002315,7,0.01784,-12.971,1,0.0477,0.592284,4,0.962,151014,38
0.5194,0.44799999999999995,0.36,0.162,5,0.021,-14.241,1,0.0366,0.591192,4,0.842,219400,42
0.5628,0.34159999999999996,0.365,5.75e-06,7,0.01904,-8.711,1,0.0911,0.648212,4,0.827,221733,19
0.48929999999999996,0.4592,0.375,1.81e-06,5,0.031,-10.531,1,0.0631,0.551924,4,0.83,224867,49
0.6285999999999999,0.45149999999999996,0.395,2.66e-05,3,0.021400000000000002,-9.918,1,0.0833,0.71494,4,0.894,184227,28
0.44589999999999996,0.5116999999999999,0.385,1.1e-06,5,0.0454,-9.579,1,0.0481,0.61998,4,0.945,130452,36
