acousticness,danceability,energy,instrumentalness,key,liveness,loudness,mode,speechiness,tempo,time_signature,valence,duration_ms,popularity
0.5823999999999999,0.28769999999999996,0.693,0.3975,11,0.034999999999999996,-14.508,1,0.0502,0.732116,4,0.742,152120,32
0.518,0.2751,0.612,0.404,10,0.01196,-6.158,0,0.0714,0.7561,3,0.753,160480,20
0.48579999999999995,0.4795,0.652,0.3195,2,0.0308,-11.479,1,0.0325,0.583812,4,0.907,319575,28
