acousticness,danceability,energy,instrumentalness,key,liveness,loudness,mode,speechiness,tempo,time_signature,valence,duration_ms,popularity
0.2352,0.40109999999999996,0.321,0.00133,9,0.026600000000000002,-8.979,1,0.026,0.540768,4,0.273,231827,38
0.217,0.36819999999999997,0.476,0.0,4,0.018840000000000003,-6.957,1,0.0318,0.487216,4,0.116,285027,37
0.03822,0.3801,0.323,7.85e-07,9,0.027200000000000002,-13.399,1,0.0266,0.553396,4,0.222,322000,31
0.24429999999999996,0.392,0.382,0.0001845,0,0.0714,-10.164,1,0.0262,0.500152,4,0.16,324480,44
0.1953,0.3934,0.365,0.0,4,0.055200000000000006,-11.529,0,0.0305,0.47994,4,0.179,217560,22
0.2681,0.41439999999999994,0.298,0.0,0,0.0422,-13.31,1,0.0394,0.529456,4,0.268,243013,22
