acousticness,danceability,energy,instrumentalness,key,liveness,loudness,mode,speechiness,tempo,time_signature,valence,duration_ms,popularity
0.03843,0.28909999999999997,0.659,0.2265,0,0.1144,-8.986,1,0.0469,0.520244,4,0.316,370981,38
0.0819,0.26739999999999997,0.497,0.1165,4,0.022000000000000002,-11.815,0,0.0328,0.469784,4,0.391,224027,54
0.13649999999999998,0.30029999999999996,0.585,0.37,1,0.01634,-10.327,1,0.0457,0.46928800000000004,4,0.337,404773,47
0.08329999999999999,0.2849,0.506,0.2055,6,0.0228,-15.514,0,0.0504,0.304744,4,0.464,201547,25
0.03346,0.3059,0.646,0.217,0,0.01734,-5.148,1,0.0271,0.376044,4,0.392,266130,14
0.0119,0.29819999999999997,0.333,0.338,2,0.0228,-13.089,1,0.0289,0.43026,5,0.295,416987,21
0.1148,0.287,0.496,0.17,11,0.06720000000000001,-9.927,0,0.0374,0.38957200000000003,4,0.296,354990,36
0.0001904,0.2597,0.661,0.2665,7,0.0388,-7.788,1,0.0363,0.451692,4,0.349,210298,0
