acousticness,danceability,energy,instrumentalness,key,liveness,loudness,mode,speechiness,tempo,time_signature,valence,duration_ms,popularity
0.011409999999999998,0.6293,0.69,0.178,11,0.0208,-8.295,0,0.0806,0.488024,4,0.0665,425701,35
0.0048579999999999995,0.6538,0.533,0.2235,8,0.018840000000000003,-6.17,1,0.0789,0.512004,4,0.15,292500,48
0.0029539999999999996,0.5732999999999999,0.583,0.268,0,0.07740000000000001,-8.751,1,0.132,0.411616,4,0.0535,366032,57
