acousticness,danceability,energy,instrumentalness,key,liveness,loudness,mode,speechiness,tempo,time_signature,valence,duration_ms,popularity
0.5732999999999999,0.644,0.338,0.0,11,0.0236,-9.463,1,0.101,0.54404,3,0.823,133670,49
0.5116999999999999,0.6621999999999999,0.475,0.0,0,0.01904,-3.681,1,0.27,0.528164,4,0.667,186364,63
