acousticness,danceability,energy,instrumentalness,key,liveness,loudness,mode,speechiness,tempo,time_signature,valence,duration_ms,popularity
0.19739999999999996,0.27999999999999997,0.71,0.4075,0,0.019680000000000003,-13.363,1,0.213,0.7512960000000001,4,0.137,160856,1
0.0025269999999999997,0.3409,0.633,0.46,8,0.01754,-6.622,1,0.0424,0.767996,3,0.109,192606,40
