acousticness,danceability,energy,instrumentalness,key,liveness,loudness,mode,speechiness,tempo,time_signature,valence,duration_ms,popularity
0.33459999999999995,0.5607,0.757,6.6e-06,7,0.032600000000000004,-8.01,1,0.316,0.3521,4,0.607,276373,63
0.35559999999999997,0.48299999999999993,0.596,0.0,7,0.0688,-8.087,0,0.33,0.367216,4,0.544,200411,58
0.24849999999999997,0.5005,0.541,0.0,11,0.021400000000000002,-6.194,1,0.322,0.310048,4,0.568,260173,52
0.41789999999999994,0.42769999999999997,0.666,0.0,1,0.0818,-7.975,0,0.225,0.347964,4,0.533,191022,38
0.2198,0.39130000000000004,0.764,0.0,6,0.03,-6.029,0,0.261,0.319548,4,0.56,160504,49
0.2737,0.4941999999999999,0.73,0.05,7,0.01742,-5.017,1,0.286,0.255804,3,0.612,197228,54
0.24149999999999996,0.43679999999999997,0.63,0.0,11,0.020000000000000004,-5.785,0,0.261,0.39626,4,0.507,120425,22
0.3619,0.3171,0.696,0.0,0,0.014360000000000001,-6.151,1,0.318,0.312448,3,0.485,200072,7
