acousticness,danceability,energy,instrumentalness,key,liveness,loudness,mode,speechiness,tempo,time_signature,valence,duration_ms,popularity
0.6895,0.3696,0.563,0.439,7,0.03,-11.339,1,0.04,0.682568,4,0.941,178000,16
0.6517,0.40459999999999996,0.529,0.4715,10,0.1854,-10.605,1,0.0592,0.5077,4,0.978,198067,24
0.5257,0.5103,0.507,0.4835,3,0.0902,-8.646,0,0.0974,0.381712,4,0.88,223133,7
0.6124999999999999,0.3766,0.634,0.445,5,0.0262,-10.242,0,0.0424,0.445624,4,0.962,216000,16
0.5124,0.3318,0.59,0.48,6,0.0212,-14.863,1,0.0409,0.36082,4,0.895,120347,21
0.5298999999999999,0.5389999999999999,0.58,0.421,9,0.007560000000000001,-10.428,1,0.0475,0.48505200000000004,4,0.989,198960,22
0.6922999999999999,0.46549999999999997,0.517,0.461,2,0.020000000000000004,-10.393,0,0.108,0.6179479999999999,3,0.969,236773,2
