acousticness,danceability,energy,instrumentalness,key,liveness,loudness,mode,speechiness,tempo,time_signature,valence,duration_ms,popularity
0.22749999999999998,0.42769999999999997,0.431,0.44,7,0.043800000000000006,-13.669,1,0.067,0.7042240000000001,4,0.95,195200,30
0.33669999999999994,0.5054,0.208,0.4405,9,0.0238,-23.775,0,0.0466,0.46717200000000003,4,0.88,189307,47
0.2254,0.413,0.405,0.45,1,0.0216,-11.315,1,0.0779,0.67248,4,0.765,138687,57
