acousticness,danceability,energy,instrumentalness,key,liveness,loudness,mode,speechiness,tempo,time_signature,valence,duration_ms,popularity
0.002303,0.6139,0.424,0.0,2,0.01858,-8.383,1,0.0863,0.6001839999999999,4,0.116,147542,68
0.0005522999999999999,0.595,0.438,0.0,1,0.01798,-9.033,1,0.388,0.564028,4,0.0978,195921,20
0.04389,0.6118,0.303,0.0227,1,0.0242,-12.363,1,0.219,0.480076,4,0.117,177507,49
0.0203,0.6461,0.376,3.32e-05,1,0.018160000000000003,-8.616,1,0.157,0.5121,4,0.0918,135000,20
