duration,key,loudness,mode,start,tempo,time_signature
13.45396,6,-11.387,0,0.0,77.3,4
33.46677,2,-9.284,1,13.45396,77.122,4
12.42724,9,-8.422,0,46.92073,77.111,4
46.18926,7,-7.984,1,59.34797,77.832,4
10.09733,4,-7.447,1,105.53723,77.643,4
59.08845,9,-7.15,0,115.63456,77.065,4
9.05155,3,-12.397,1,174.723,79.918,4
10.11326,3,-11.617,1,183.77457,77.47,4
15.50527,7,-9.95,0,193.88782,77.477,4
12.36162,1,-7.659,1,209.3931,77.579,4
51.27169,4,-5.807,1,221.7547,77.183,4
