duration,key,loudness,mode,start,tempo,time_signature
7.57486,11,-20.532,0,0.0,119.823,4
31.50223,0,-9.71,1,7.57486,120.059,4
37.00178,0,-8.073,1,39.07709,120.005,4
21.99815,4,-7.391,0,76.07886,120.082,4
30.49264,11,-7.778,0,98.07702,120.031,4
20.50122,0,-7.239,1,128.56966,120.027,4
23.49904,0,-7.753,1,149.07088,120.058,4
56.48586,11,-8.963,0,172.56992,120.005,4
25.50067,11,-7.897,0,229.05577,120.068,4
7.81689,0,-25.332,1,254.55644,119.541,4
