duration,key,loudness,mode,start,tempo,time_signature
18.51599,7,-22.88,1,0.0,85.061,3
24.17394,0,-14.666,1,18.51599,89.535,3
66.16491,9,-11.473,0,42.68993,103.202,4
41.83181,9,-11.637,0,108.85484,119.998,4
32.17705,9,-12.143,0,150.68665,120.036,4
49.98941,9,-15.254,0,182.8637,119.97,4
